,Date,data,value,change
1,1/3/2020,HUM,23.950705,-0.167452273
2,1/3/2020,TEMP,16.149666,0.113476031
3,1/3/2020,GAS,11.086612,2.219568972
4,1/4/2020,HUM,23.910599,-0.570278478
5,1/4/2020,TEMP,16.167992,-0.425055876
6,1/4/2020,GAS,11.332687,-0.712125906
7,1/5/2020,HUM,23.774242,0.978411846
8,1/5/2020,TEMP,16.099269,-0.369948474
9,1/5/2020,GAS,11.251984,0.49383291
10,1/8/2020,HUM,24.006852,0.100229718
11,1/8/2020,TEMP,16.03971,-0.428442908
12,1/8/2020,GAS,11.30755,8.307016109
13,1/9/2020,HUM,24.030914,-1.001335197
14,1/9/2020,TEMP,15.970989,-0.315553407
15,1/9/2020,GAS,12.24687,4.785557453
16,1/10/2020,HUM,23.790284,3.506410432
17,1/10/2020,TEMP,15.920592,3.050363956
18,1/10/2020,GAS,12.832951,-1.237104389
19,1/11/2020,HUM,24.624469,1.66122973
20,1/11/2020,TEMP,16.406228,0.251331385
21,1/11/2020,GAS,12.674194,-1.231731185
22,1/12/2020,HUM,25.033538,-0.160201087
23,1/12/2020,TEMP,16.447462,0.891359409
24,1/12/2020,GAS,12.518082,2.621000565
25,1/16/2020,HUM,24.993434,-0.192550571
26,1/16/2020,TEMP,16.594068,0.193261833
27,1/16/2020,GAS,12.846181,-2.214214481
28,1/17/2020,HUM,24.945309,-0.32154743
29,1/17/2020,TEMP,16.626138,-1.432900413
30,1/17/2020,GAS,12.561739,-6.192725386
31,1/18/2020,HUM,24.865098,0.35484276
32,1/18/2020,TEMP,16.387902,-0.642992617
33,1/18/2020,GAS,11.783825,-0.639945009
34,1/19/2020,HUM,24.95333,-1.253620258
35,1/19/2020,TEMP,16.282529,-0.703434952
36,1/19/2020,GAS,11.708415,-1.932208587
37,1/22/2020,HUM,24.64051,0.065104172
38,1/22/2020,TEMP,16.167992,-0.96344679
39,1/22/2020,GAS,11.482184,-1.255902187
40,1/23/2020,HUM,24.656552,1.138581745
41,1/23/2020,TEMP,16.012222,-0.457794053
42,1/23/2020,GAS,11.337979,1.166865806
43,1/24/2020,HUM,24.937287,-2.058535878
44,1/24/2020,TEMP,15.938919,-2.356997987
45,1/24/2020,GAS,11.470278,-0.519037115
46,1/25/2020,HUM,24.423944,0.492610858
47,1/25/2020,TEMP,15.563239,-0.264944849
48,1/25/2020,GAS,11.410743,-1.008698557
49,1/26/2020,HUM,24.544259,-0.228758179
50,1/26/2020,TEMP,15.522005,2.007086069
51,1/26/2020,GAS,11.295643,0.655890063
52,1/29/2020,HUM,24.488112,-0.163777428
53,1/29/2020,TEMP,15.833545,0
54,1/29/2020,GAS,11.36973,-0.453801454
55,1/30/2020,HUM,24.448006,1.246723352
56,1/30/2020,TEMP,15.833545,1.099532669
57,1/30/2020,GAS,11.318134,0.210405708
58,1/31/2020,HUM,24.752805,-0.972136289
59,1/31/2020,TEMP,16.00764,-1.516888186
60,1/31/2020,GAS,11.341948,-1.15479281
61,2/1/2020,HUM,24.512174,-1.210729003
62,2/1/2020,TEMP,15.764822,-0.406855212
63,2/1/2020,GAS,11.210972,0.011800939
64,2/2/2020,HUM,24.215398,-1.921166028
65,2/2/2020,TEMP,15.700682,-0.729496973
66,2/2/2020,GAS,11.212295,-0.955754375
67,2/5/2020,HUM,23.75018,-0.337723756
68,2/5/2020,TEMP,15.586146,-1.028817515
69,2/5/2020,GAS,11.105133,0.250181605
70,2/6/2020,HUM,23.66997,-0.474415472
71,2/6/2020,TEMP,15.425793,0
72,2/6/2020,GAS,11.132916,2.376708851
73,2/7/2020,HUM,23.557676,-0.374531851
74,2/7/2020,TEMP,15.425793,-0.742496674
75,2/7/2020,GAS,11.397513,0.03483216
76,2/8/2020,HUM,23.469445,-0.956942101
77,2/8/2020,TEMP,15.311257,-1.37641867
78,2/8/2020,GAS,11.401483,-3.37665723
79,2/9/2020,HUM,23.244856,-0.138021935
80,2/9/2020,TEMP,15.10051,-0.8798577
81,2/9/2020,GAS,11.016494,1.933464494
82,2/12/2020,HUM,23.212773,0.589459949
83,2/12/2020,TEMP,14.967647,-0.030606013
84,2/12/2020,GAS,11.229494,-0.21205764
85,2/13/2020,HUM,23.349603,1.344361187
86,2/13/2020,TEMP,14.963066,2.08205992
87,2/13/2020,GAS,11.205681,0.708381757
88,2/14/2020,HUM,23.663506,0.204077959
89,2/14/2020,TEMP,15.274606,-0.359924177
90,2/14/2020,GAS,11.28506,-0.10551118
91,2/15/2020,HUM,23.711798,-2.443990118
92,2/15/2020,TEMP,15.219629,-0.632157328
93,2/15/2020,GAS,11.273153,-0.44596219
94,2/16/2020,HUM,23.132284,0.313155415
95,2/16/2020,TEMP,15.123417,-0.575584208
96,2/16/2020,GAS,11.222879,1.261343012
97,2/20/2020,HUM,23.204724,1.803675838
98,2/20/2020,TEMP,15.036369,-1.279697246
99,2/20/2020,GAS,11.364438,3.841676993
100,2/21/2020,HUM,23.623262,0.136285158
101,2/21/2020,TEMP,14.843949,1.882706549
102,2/21/2020,GAS,11.801023,0.347537667
103,2/22/2020,HUM,23.655457,-1.667234753
104,2/22/2020,TEMP,15.123417,-0.78763946
105,2/22/2020,GAS,11.842036,-0.491562431
106,2/23/2020,HUM,23.261065,0.588236179
107,2/23/2020,TEMP,15.004299,-2.259545748
108,2/23/2020,GAS,11.783825,-0.628717755
109,2/26/2020,HUM,23.397895,-4.127965358
110,2/26/2020,TEMP,14.66527,-3.936265749
111,2/26/2020,GAS,11.709738,-5.174564965
112,2/27/2020,HUM,22.432038,1.07642471
113,2/27/2020,TEMP,14.088006,0.487805017
114,2/27/2020,GAS,11.10381,0.810208388
115,2/28/2020,HUM,22.673502,-0.28398789
116,2/28/2020,TEMP,14.156728,-1.650487316
117,2/28/2020,GAS,11.193774,2.895636449
118,3/1/2020,HUM,22.609112,-1.17479625
119,3/1/2020,TEMP,13.923073,-1.678185556
120,3/1/2020,GAS,11.517905,-1.895249179
121,3/2/2020,HUM,22.343501,-0.75648843
122,3/2/2020,TEMP,13.689418,-1.572952188
123,3/2/2020,GAS,11.299612,1.065452513
124,3/5/2020,HUM,22.174475,1.016335223
125,3/5/2020,TEMP,13.47409,2.006116925
126,3/5/2020,GAS,11.420004,2.166356509
127,3/6/2020,HUM,22.399842,-0.79051004
128,3/6/2020,TEMP,13.744396,1.566667608
129,3/6/2020,GAS,11.667402,-0.532937838
130,3/7/2020,HUM,22.222769,-1.050346156
131,3/7/2020,TEMP,13.959725,0.75484295
132,3/7/2020,GAS,11.605222,0.319192515
133,3/8/2020,HUM,21.989353,-0.109807687
134,3/8/2020,TEMP,14.065099,-1.270364325
135,3/8/2020,GAS,11.642265,-0.034091304
136,3/9/2020,HUM,21.965207,0.549651091
137,3/9/2020,TEMP,13.886421,-0.791816696
138,3/9/2020,GAS,11.638296,2.159835082
139,3/12/2020,HUM,22.085939,-2.623909266
140,3/12/2020,TEMP,13.776466,-2.361149804
141,3/12/2020,GAS,11.889664,-1.635698032
142,3/13/2020,HUM,21.506424,2.544909372
143,3/13/2020,TEMP,13.451183,-0.136248239
144,3/13/2020,GAS,11.695185,1.809949992
145,3/14/2020,HUM,22.053743,-0.437952868
146,3/14/2020,TEMP,13.432856,0.920876394
147,3/14/2020,GAS,11.906862,-0.477774917
148,3/15/2020,HUM,21.957158,0.183284194
149,3/15/2020,TEMP,13.556556,3.345724386
150,3/15/2020,GAS,11.849974,0.022329163
151,3/16/2020,HUM,21.997402,1.829488773
152,3/16/2020,TEMP,14.010121,1.504255388
153,3/16/2020,GAS,11.85262,1.718944841
154,3/19/2020,HUM,22.399842,0.035933289
155,3/19/2020,TEMP,14.220869,1.095355003
156,3/19/2020,GAS,12.05636,0.384062851
157,3/20/2020,HUM,22.407891,2.44253241
158,3/20/2020,TEMP,14.376638,2.836205516
159,3/20/2020,GAS,12.102664,2.612590088
160,3/21/2020,HUM,22.955211,-0.876576565
161,3/21/2020,TEMP,14.784389,-1.952282235
162,3/21/2020,GAS,12.418857,0.095878389
163,3/22/2020,HUM,22.753991,-0.884332775
164,3/22/2020,TEMP,14.495756,-0.695320755
165,3/22/2020,GAS,12.430764,-0.468281756
166,3/23/2020,HUM,22.55277,0.713774849
167,3/23/2020,TEMP,14.394964,1.686826032
168,3/23/2020,GAS,12.372553,2.491442146
169,3/26/2020,HUM,22.713746,-1.77179493
170,3/26/2020,TEMP,14.637782,-0.719876823
171,3/26/2020,GAS,12.680808,-0.40688259
172,3/27/2020,HUM,22.311305,-0.28859809
173,3/27/2020,TEMP,14.532408,-1.38713419
174,3/27/2020,GAS,12.629212,-2.325584526
175,3/28/2020,HUM,22.246915,0.397974281
176,3/28/2020,TEMP,14.330824,0.159844263
177,3/28/2020,GAS,12.335509,0.546981888
178,3/29/2020,HUM,22.335452,0.432433604
179,3/29/2020,TEMP,14.353731,0.095759075
180,3/29/2020,GAS,12.402982,-0.89601033
181,3/30/2020,HUM,22.432038,-0.466453382
182,3/30/2020,TEMP,14.367476,-0.350771423
183,3/30/2020,GAS,12.29185,0.796478968
184,4/2/2020,HUM,22.327403,0.468639367
185,4/2/2020,TEMP,14.317079,0.76800582
186,4/2/2020,GAS,12.389752,0.907629144
187,4/3/2020,HUM,22.432038,2.260494566
188,4/3/2020,TEMP,14.427035,-0.476341812
189,4/3/2020,GAS,12.502205,-0.243381068
190,4/4/2020,HUM,22.939113,0.175433985
191,4/4/2020,TEMP,14.358313,0.191443103
192,4/4/2020,GAS,12.471777,0.434917975
193,4/5/2020,HUM,22.979356,0.070054183
194,4/5/2020,TEMP,14.385801,-0.8280248
195,4/5/2020,GAS,12.526019,-1.087871574
196,4/9/2020,HUM,22.995454,-0.595026304
197,4/9/2020,TEMP,14.266683,0.064226562
198,4/9/2020,GAS,12.389752,0.640682719
199,4/10/2020,HUM,22.858625,-1.021124411
200,4/10/2020,TEMP,14.275846,-1.379974259
201,4/10/2020,GAS,12.469131,-1.76126949
202,4/11/2020,HUM,22.62521,1.529705139
203,4/11/2020,TEMP,14.078843,-0.195250419
204,4/11/2020,GAS,12.249516,-0.432017069
205,4/12/2020,HUM,22.971309,0.245266824
206,4/12/2020,TEMP,14.051354,0.293452147
207,4/12/2020,GAS,12.196596,-2.115196732
208,4/13/2020,HUM,23.02765,0.419430554
209,4/13/2020,TEMP,14.092588,0.942779282
210,4/13/2020,GAS,11.938614,1.318704164
211,4/16/2020,HUM,23.124235,0.417687331
212,4/16/2020,TEMP,14.22545,-0.032202848
213,4/16/2020,GAS,12.096049,-1.181228681
214,4/17/2020,HUM,23.220822,-0.866554164
215,4/17/2020,TEMP,14.220869,-0.193300423
216,4/17/2020,GAS,11.953167,0.055340982
217,4/18/2020,HUM,23.019601,0.314688339
218,4/18/2020,TEMP,14.19338,-0.645575613
219,4/18/2020,GAS,11.959782,-0.143806969
220,4/19/2020,HUM,23.092041,1.150227474
221,4/19/2020,TEMP,14.101751,2.858992475
222,4/19/2020,GAS,11.942583,0.775452011
223,4/20/2020,HUM,23.357652,-0.827018058
224,4/20/2020,TEMP,14.504919,-0.284269081
225,4/20/2020,GAS,12.035192,2.792128285
226,4/23/2020,HUM,23.16448,0.034747165
227,4/23/2020,TEMP,14.463686,-0.728534898
228,4/23/2020,GAS,12.37123,-0.28874251
229,4/24/2020,HUM,23.172529,0.694684641
230,4/24/2020,TEMP,14.358313,1.595403304
231,4/24/2020,GAS,12.335509,2.262979177
232,4/25/2020,HUM,23.333505,0.379441494
233,4/25/2020,TEMP,14.587386,-0.062814544
234,4/25/2020,GAS,12.614659,3.660201992
235,4/26/2020,HUM,23.422042,3.505155528
236,4/26/2020,TEMP,14.578223,-1.005657548
237,4/26/2020,GAS,13.076381,1.092672353
238,4/27/2020,HUM,24.243021,-0.597611164
239,4/27/2020,TEMP,14.431616,-1.523807174
240,4/27/2020,GAS,13.219263,-0.120097467
241,4/30/2020,HUM,24.098142,1.536404757
242,4/30/2020,TEMP,14.211706,-0.032241027
243,4/30/2020,GAS,13.203387,-0.330657581
244,5/1/2020,HUM,24.468387,0.69079339
245,5/1/2020,TEMP,14.207124,0.773942706
246,5/1/2020,GAS,13.159729,0.924905065
247,5/2/2020,HUM,24.637413,1.176081271
248,5/2/2020,TEMP,14.317079,1.18400548
249,5/2/2020,GAS,13.281444,0.009961266
250,5/3/2020,HUM,24.927169,-1.323860724
251,5/3/2020,TEMP,14.486594,-2.9095521
252,5/3/2020,GAS,13.282767,0.408356181
253,5/4/2020,HUM,24.597168,0.490836994
254,5/4/2020,TEMP,14.065099,-1.140063074
255,5/4/2020,GAS,13.337008,3.085017269
256,5/7/2020,HUM,24.7179,0.130253784
257,5/7/2020,TEMP,13.904748,-0.560132409
258,5/7/2020,GAS,13.748457,1.09699583
259,5/8/2020,HUM,24.750096,0.097563258
260,5/8/2020,TEMP,13.826863,-0.463879623
261,5/8/2020,GAS,13.899277,1.7323491
262,5/9/2020,HUM,24.774243,-0.649775656
263,5/9/2020,TEMP,13.762723,-1.664452594
264,5/9/2020,GAS,14.140061,0.430387111
265,5/10/2020,HUM,24.613266,1.01372975
266,5/10/2020,TEMP,13.533649,0.236964916
267,5/10/2020,GAS,14.200918,1.304260753
268,5/11/2020,HUM,24.862778,0.258985541
269,5/11/2020,TEMP,13.565719,-2.397838257
270,5/11/2020,GAS,14.386135,0.57017399
271,5/14/2020,HUM,24.927169,0.097183118
272,5/14/2020,TEMP,13.240435,-1.764707882
273,5/14/2020,GAS,14.468161,-1.682522057
274,5/15/2020,HUM,24.951394,0.550161646
275,5/15/2020,TEMP,13.00678,-0.669243272
276,5/15/2020,GAS,14.224731,-0.167405626
277,5/16/2020,HUM,25.088667,-0.289668638
278,5/16/2020,TEMP,12.919733,0.957442387
279,5/16/2020,GAS,14.200918,1.956401692
280,5/17/2020,HUM,25.015993,-0.484182259
281,5/17/2020,TEMP,13.043432,1.685990313
282,5/17/2020,GAS,14.478745,0.529969966
283,5/18/2020,HUM,24.89487,0.713588784
284,5/18/2020,TEMP,13.263343,1.139893615
285,5/18/2020,GAS,14.555478,1.781494225
286,5/21/2020,HUM,25.072517,-1.159412914
287,5/21/2020,TEMP,13.414531,-0.922134363
288,5/21/2020,GAS,14.814783,1.393101742
289,5/22/2020,HUM,24.781823,-0.35842803
290,5/22/2020,TEMP,13.290831,-0.413653593
291,5/22/2020,GAS,15.021168,-0.572492099
292,5/23/2020,HUM,24.692998,-1.340744449
293,5/23/2020,TEMP,13.235853,-2.007615225
294,5/23/2020,GAS,14.935173,-1.948795638
295,5/24/2020,HUM,24.361928,1.027508989
296,5/24/2020,TEMP,12.970128,1.059704268
297,5/24/2020,GAS,14.644117,2.647035666
298,5/25/2020,HUM,24.612249,1.017066746
299,5/25/2020,TEMP,13.107573,-0.139812305
300,5/25/2020,GAS,15.031752,0.642493304
301,5/29/2020,HUM,24.862572,1.039297141
302,5/29/2020,TEMP,13.089247,0.455022355
303,5/29/2020,GAS,15.12833,3.865324196
304,5/30/2020,HUM,25.120968,-1.350047498
305,5/30/2020,TEMP,13.148806,0.383274344
306,5/30/2020,GAS,15.713089,2.037549714
307,5/31/2020,HUM,24.781823,-0.325843664
308,5/31/2020,TEMP,13.199202,1.110718663
309,5/31/2020,GAS,16.033251,-2.302165668
310,6/1/2020,HUM,24.701073,0.424973441
311,6/1/2020,TEMP,13.345808,-1.029858964
312,6/1/2020,GAS,15.664139,2.474658837
313,6/4/2020,HUM,24.806046,-0.455727608
314,6/4/2020,TEMP,13.208365,-0.832464881
315,6/4/2020,GAS,16.051773,1.104432513
316,6/5/2020,HUM,24.692998,-0.948329563
317,6/5/2020,TEMP,13.09841,-1.539003589
318,6/5/2020,GAS,16.229054,0.79073617
319,6/6/2020,HUM,24.458827,-2.211949903
320,6/6/2020,TEMP,12.896825,-2.52220217
321,6/6/2020,GAS,16.357383,0.347781794
322,6/7/2020,HUM,23.91781,1.45171736
323,6/7/2020,TEMP,12.571541,0.838194777
324,6/7/2020,GAS,16.414271,0.338522497
325,6/8/2020,HUM,24.265029,-0.099830913
326,6/8/2020,TEMP,12.676915,-0.469822508
327,6/8/2020,GAS,16.469837,-3.454096115
328,6/11/2020,HUM,24.240805,-0.56628895
329,6/11/2020,TEMP,12.617356,0.726213955
330,6/11/2020,GAS,15.900953,0.158084864
331,6/12/2020,HUM,24.103532,1.809041928
332,6/12/2020,TEMP,12.708985,0.108151831
333,6/12/2020,GAS,15.92609,-2.392420236
334,6/13/2020,HUM,24.539575,0.42777432
335,6/13/2020,TEMP,12.72273,-0.57616565
336,6/13/2020,GAS,15.545071,1.063822738
337,6/14/2020,HUM,24.644549,-0.098297599
338,6/14/2020,TEMP,12.649426,0.579504556
339,6/14/2020,GAS,15.710443,1.473682187
340,6/15/2020,HUM,24.620324,0.065596212
341,6/15/2020,TEMP,12.72273,-0.396117814
342,6/15/2020,GAS,15.941965,3.809135198
343,6/18/2020,HUM,24.636474,-0.16388303
344,6/18/2020,TEMP,12.672333,-0.253071001
345,6/18/2020,GAS,16.549216,-1.143178021
346,6/19/2020,HUM,24.596099,-1.477344029
347,6/19/2020,TEMP,12.640263,-0.978618878
348,6/19/2020,GAS,16.360029,-1.706286706
349,6/20/2020,HUM,24.23273,0.699764327
350,6/20/2020,TEMP,12.516563,-3.879938926
351,6/20/2020,GAS,16.08088,1.933358125
352,6/21/2020,HUM,24.402302,-2.415616363
353,6/21/2020,TEMP,12.030928,-2.741808446
354,6/21/2020,GAS,16.391781,-0.726394527
355,6/22/2020,HUM,23.812836,0
356,6/22/2020,TEMP,11.701063,0.469846201
357,6/22/2020,GAS,16.272712,-0.536591565
358,6/25/2020,HUM,23.812836,0.101730848
359,6/25/2020,TEMP,11.75604,0.428690273
360,6/25/2020,GAS,16.185394,-2.198784904
361,6/26/2020,HUM,23.837061,1.185636937
362,6/26/2020,TEMP,11.806437,1.396966756
363,6/26/2020,GAS,15.829512,1.872123411
364,6/27/2020,HUM,24.119682,-0.13391553
365,6/27/2020,TEMP,11.971369,1.224646905
366,6/27/2020,GAS,16.12586,-1.091148007
367,6/28/2020,HUM,24.087382,-1.206839332
368,6/28/2020,TEMP,12.117976,-0.793952719
369,6/28/2020,GAS,15.949903,1.227612481
370,6/29/2020,HUM,23.796686,0.916186397
371,6/29/2020,TEMP,12.021765,-0.724086688
372,6/29/2020,GAS,16.145706,-0.639142073
373,7/2/2020,HUM,24.014708,0.941493855
374,7/2/2020,TEMP,11.934717,1.190024028
375,7/2/2020,GAS,16.042512,4.873825246
376,7/3/2020,HUM,24.240805,-0.0999348
377,7/3/2020,TEMP,12.076743,-0.075873106
378,7/3/2020,GAS,16.824396,4.38782468
379,7/5/2020,HUM,24.21658,-0.066689846
380,7/5/2020,TEMP,12.06758,0.797260097
381,7/5/2020,GAS,17.562621,-0.338981294
382,7/6/2020,HUM,24.20043,-0.333663493
383,7/6/2020,TEMP,12.16379,-0.790954135
384,7/6/2020,GAS,17.503087,-1.489034477
385,7/9/2020,HUM,24.119682,-1.80783478
386,7/9/2020,TEMP,12.06758,-0.8731991
387,7/9/2020,GAS,17.24246,1.549906452
388,7/10/2020,HUM,23.683638,0.545515854
389,7/10/2020,TEMP,11.962206,-0.459589143
390,7/10/2020,GAS,17.509702,0.030223244
391,7/11/2020,HUM,23.812836,1.966766999
392,7/11/2020,TEMP,11.907229,-0.115434078
393,7/11/2020,GAS,17.514994,1.268981308
394,7/12/2020,HUM,24.281179,-0.831392907
395,7/12/2020,TEMP,11.893484,0.423727816
396,7/12/2020,GAS,17.737256,2.729914932
397,7/13/2020,HUM,24.079307,0.704227078
398,7/13/2020,TEMP,11.94388,0.038362743
399,7/13/2020,GAS,18.221468,0.268639168
400,7/16/2020,HUM,24.24888,2.497505039
401,7/16/2020,TEMP,11.948462,-0.805216604
402,7/16/2020,GAS,18.270418,0.586538305
403,7/17/2020,HUM,24.854497,0.454839219
404,7/17/2020,TEMP,11.852251,2.435250485
405,7/17/2020,GAS,18.377581,-0.568720116
406,7/18/2020,HUM,24.967545,1.908149159
407,7/18/2020,TEMP,12.140883,4.566035271
408,7/18/2020,GAS,18.273064,1.361140091
409,7/19/2020,HUM,25.443963,-1.110758572
410,7/19/2020,TEMP,12.69524,-0.036076514
411,7/19/2020,GAS,18.521786,2.678575381
412,7/20/2020,HUM,25.161342,0.096278648
413,7/20/2020,TEMP,12.69066,1.696743905
414,7/20/2020,GAS,19.017906,-0.034783009
415,7/23/2020,HUM,25.185567,-1.250406632
416,7/23/2020,TEMP,12.905988,0.425988309
417,7/23/2020,GAS,19.011291,-6.130830358
418,7/24/2020,HUM,24.870645,-0.292207942
419,7/24/2020,TEMP,12.960966,-1.166494843
420,7/24/2020,GAS,17.845741,1.756985042
421,7/25/2020,HUM,24.797971,-2.377073511
422,7/25/2020,TEMP,12.809777,-1.895559931
423,7/25/2020,GAS,18.159288,6.367479826
424,7/26/2020,HUM,24.208505,-1.967977783
425,7/26/2020,TEMP,12.56696,-1.82281952
426,7/26/2020,GAS,19.315577,-1.472609387
427,7/27/2020,HUM,23.732087,0.034025663
428,7/27/2020,TEMP,12.337887,0.185663882
429,7/27/2020,GAS,19.031134,-1.682301223
430,7/30/2020,HUM,23.740162,-1.394560829
431,7/30/2020,TEMP,12.360794,-1.111935042
432,7/30/2020,GAS,18.710973,-6.837308781
433,7/31/2020,HUM,23.409091,1.069332423
434,7/31/2020,TEMP,12.22335,1.949023795
435,7/31/2020,GAS,17.431646,2.459021942
436,8/1/2020,HUM,23.659412,0.750859742
437,8/1/2020,TEMP,12.461586,-1.029411505
438,8/1/2020,GAS,17.860294,1.103699637
439,8/2/2020,HUM,23.837061,-1.897024973
440,8/2/2020,TEMP,12.333305,-2.265978179
441,8/2/2020,GAS,18.057418,-3.39951703
442,8/3/2020,HUM,23.384866,2.002769655
443,8/3/2020,TEMP,12.053835,2.204485129
444,8/3/2020,GAS,17.443553,2.578689101
445,8/6/2020,HUM,23.853211,0.033848692
446,8/6/2020,TEMP,12.31956,0.855347107
447,8/6/2020,GAS,17.893368,-0.162658031
448,8/7/2020,HUM,23.861285,1.522843384
449,8/7/2020,TEMP,12.424935,2.212381795
450,8/7/2020,GAS,17.864263,-0.755396402
451,8/8/2020,HUM,24.224655,-2.333337668
452,8/8/2020,TEMP,12.699822,1.190473378
453,8/8/2020,GAS,17.729317,-5.686141209
454,8/9/2020,HUM,23.659412,-2.013651058
455,8/9/2020,TEMP,12.85101,-0.035647004
456,8/9/2020,GAS,16.721203,-1.09976537
457,8/10/2020,HUM,23.182994,-0.278648219
458,8/10/2020,TEMP,12.846429,-0.820259077
459,8/10/2020,GAS,16.537309,2.232001591
460,8/13/2020,HUM,23.118395,-0.911313264
461,8/13/2020,TEMP,12.741055,-2.373249311
462,8/13/2020,GAS,16.906422,-2.942331618
463,8/14/2020,HUM,22.907714,-0.601347651
464,8/14/2020,TEMP,12.438678,-2.136280077
465,8/14/2020,GAS,16.408979,-3.329841546
466,8/15/2020,HUM,22.769959,-1.032030844
467,8/15/2020,TEMP,12.172953,0.150555087
468,8/15/2020,GAS,15.862586,-2.376983173
469,8/16/2020,HUM,22.534966,1.582167907
470,8/16/2020,TEMP,12.19128,0.338217152
471,8/16/2020,GAS,15.485535,4.280233134
472,8/17/2020,HUM,22.891507,0.035397407
473,8/17/2020,TEMP,12.232513,0.786510507
474,8/17/2020,GAS,16.148352,0.131072199
475,8/20/2020,HUM,22.89961,-0.672330227
476,8/20/2020,TEMP,12.328723,1.635084185
477,8/20/2020,GAS,16.169518,4.377353734
478,8/21/2020,HUM,22.745649,0.534379125
479,8/21/2020,TEMP,12.530308,0.694699604
480,8/21/2020,GAS,16.877315,3.872387284
481,8/22/2020,HUM,22.867197,0.283484679
482,8/22/2020,TEMP,12.617356,-0.072622188
483,8/22/2020,GAS,17.53087,-1.086711612
484,8/23/2020,HUM,22.932022,1.802121941
485,8/23/2020,TEMP,12.608193,0.254358416
486,8/23/2020,GAS,17.34036,3.227285939
487,8/24/2020,HUM,23.345285,-1.110725356
488,8/24/2020,TEMP,12.640263,-0.797388472
489,8/24/2020,GAS,17.899983,-2.254253538
490,8/27/2020,HUM,23.085983,-1.965599645
491,8/27/2020,TEMP,12.539471,-1.79028286
492,8/27/2020,GAS,17.496472,-4.105850597
493,8/28/2020,HUM,22.632205,2.363048585
494,8/28/2020,TEMP,12.314979,2.232143473
495,8/28/2020,GAS,16.778093,5.724643438
496,8/29/2020,HUM,23.167015,-0.489678968
497,8/29/2020,TEMP,12.589867,-0.473070923
498,8/29/2020,GAS,17.738579,1.618432908
499,8/30/2020,HUM,23.053571,0.984181583
500,8/30/2020,TEMP,12.530308,0.73125896
501,8/30/2020,GAS,18.025666,1.636705129
502,8/31/2020,HUM,23.28046,0.278452402
503,8/31/2020,TEMP,12.621937,0.617060599
504,8/31/2020,GAS,18.320693,4.101673447
505,9/4/2020,HUM,23.345285,-1.145434721
506,9/4/2020,TEMP,12.699822,-1.010100771
507,9/4/2020,GAS,19.072148,-5.133186886
508,9/5/2020,HUM,23.07788,1.509831059
509,9/5/2020,TEMP,12.571541,0.510207937
510,9/5/2020,GAS,18.093139,-1.279612123
511,9/6/2020,HUM,23.426317,-1.625731437
512,9/6/2020,TEMP,12.635682,-1.522846175
513,9/6/2020,GAS,17.861617,-2.399827518
514,9/7/2020,HUM,23.045468,0.140643705
515,9/7/2020,TEMP,12.44326,-0.441821516
516,9/7/2020,GAS,17.432969,3.748959801
517,9/10/2020,HUM,23.07788,1.58005848
518,9/10/2020,TEMP,12.388283,1.07248115
519,9/10/2020,GAS,18.086524,-0.892399225
520,9/11/2020,HUM,23.442524,0
521,9/11/2020,TEMP,12.521145,0
522,9/11/2020,GAS,17.92512,1.003758971
523,9/12/2020,HUM,23.442524,0.795021048
524,9/12/2020,TEMP,12.521145,0.548847569
525,9/12/2020,GAS,18.105045,0.255757442
526,9/13/2020,HUM,23.628897,-0.411521537
527,9/13/2020,TEMP,12.589867,0.582238081
528,9/13/2020,GAS,18.15135,1.173466436
529,9/14/2020,HUM,23.531659,-1.067493796
530,9/14/2020,TEMP,12.66317,-1.230102731
531,9/14/2020,GAS,18.36435,-0.288156129
532,9/17/2020,HUM,23.28046,0.696137447
533,9/17/2020,TEMP,12.5074,1.941394694
534,9/17/2020,GAS,18.311432,1.813446376
535,9/18/2020,HUM,23.442524,-0.898721486
536,9/18/2020,TEMP,12.750218,-0.179659673
537,9/18/2020,GAS,18.6435,-0.106439242
538,9/19/2020,HUM,23.231841,-0.871992883
539,9/19/2020,TEMP,12.727311,-1.043920432
540,9/19/2020,GAS,18.623656,-0.326783313
541,9/20/2020,HUM,23.029261,0.809287801
542,9/20/2020,TEMP,12.594448,-0.07275428
543,9/20/2020,GAS,18.562797,2.73680739
544,9/21/2020,HUM,23.215634,1.500872214
545,9/21/2020,TEMP,12.585285,-1.164908065
546,9/21/2020,GAS,19.070825,2.865067453
547,9/24/2020,HUM,23.564071,1.65061886
548,9/24/2020,TEMP,12.438678,-0.220988115
549,9/24/2020,GAS,19.617217,3.304556401
550,9/25/2020,HUM,23.953024,-0.202976459
551,9/25/2020,TEMP,12.41119,2.214839995
552,9/25/2020,GAS,20.265479,-0.267657133
553,9/26/2020,HUM,23.904405,-0.033897518
554,9/26/2020,TEMP,12.686078,-2.600220494
555,9/26/2020,GAS,20.211237,1.132419555
556,9/27/2020,HUM,23.896302,-0.101731222
557,9/27/2020,TEMP,12.356212,-2.855017379
558,9/27/2020,GAS,20.440113,-0.666664612
559,9/28/2020,HUM,23.871992,1.052279173
560,9/28/2020,TEMP,12.00344,0.45801037
561,9/28/2020,GAS,20.303846,1.870074271
562,10/1/2020,HUM,24.123192,-0.23513472
563,10/1/2020,TEMP,12.058417,1.063829523
564,10/1/2020,GAS,20.683543,1.349618873
565,10/2/2020,HUM,24.06647,-0.841752031
566,10/2/2020,TEMP,12.186698,-0.225557407
567,10/2/2020,GAS,20.962692,-0.334489483
568,10/3/2020,HUM,23.86389,0.882848521
569,10/3/2020,TEMP,12.15921,-0.075358514
570,10/3/2020,GAS,20.892574,-1.06382775
571,10/4/2020,HUM,24.074572,0.437565411
572,10/4/2020,TEMP,12.150047,1.206629077
573,10/4/2020,GAS,20.670313,3.334613269
574,10/5/2020,HUM,24.179914,0
575,10/5/2020,TEMP,12.296653,-0.670637774
576,10/5/2020,GAS,21.359588,4.001238226
577,10/8/2020,HUM,24.179914,0.8713141
578,10/8/2020,TEMP,12.214187,0.412602165
579,10/8/2020,GAS,22.214236,-0.029778202
580,10/9/2020,HUM,24.390597,0.431891848
581,10/9/2020,TEMP,12.264583,-0.821821663
582,10/9/2020,GAS,22.207621,-0.637434329
583,10/10/2020,HUM,24.495938,-1.058551014
584,10/10/2020,TEMP,12.16379,-0.866284275
585,10/10/2020,GAS,22.066062,-2.733976729
586,10/11/2020,HUM,24.236636,0.869274927
587,10/11/2020,TEMP,12.058417,0.075988415
588,10/11/2020,GAS,21.462781,3.094370669
589,10/12/2020,HUM,24.447319,-0.430889784
590,10/12/2020,TEMP,12.06758,-0.8731991
591,10/12/2020,GAS,22.126919,-0.161432326
592,10/15/2020,HUM,24.341978,0.932089414
593,10/15/2020,TEMP,11.962206,-0.153199167
594,10/15/2020,GAS,22.091199,1.557068043
595,10/16/2020,HUM,24.568867,2.506595033
596,10/16/2020,TEMP,11.94388,1.26582819
597,10/16/2020,GAS,22.435174,1.869328047
598,10/17/2020,HUM,25.184709,0.25740222
599,10/17/2020,TEMP,12.095069,0.984847627
600,10/17/2020,GAS,22.854561,0.43415404
601,10/18/2020,HUM,25.249535,-3.177151579
602,10/18/2020,TEMP,12.214187,-2.100524579
603,10/18/2020,GAS,22.953785,-1.775219207
604,10/19/2020,HUM,24.447319,1.126949749
605,10/19/2020,TEMP,11.957625,0.344826
606,10/19/2020,GAS,22.546305,2.31193537
607,10/22/2020,HUM,24.722828,1.278263959
608,10/22/2020,TEMP,11.998858,-0.190918169
609,10/22/2020,GAS,23.067561,6.767607551
610,10/23/2020,HUM,25.038851,1.132687758
611,10/23/2020,TEMP,11.97595,-0.267786689
612,10/23/2020,GAS,24.628683,-0.123551064
613,10/24/2020,HUM,25.322463,2.368000301
614,10/24/2020,TEMP,11.94388,0.383585569
615,10/24/2020,GAS,24.598254,-1.694181221
616,10/25/2020,HUM,25.922099,9.502968876
617,10/25/2020,TEMP,11.989695,0
618,10/25/2020,GAS,24.181515,1.050438734
619,10/26/2020,HUM,28.385468,-1.313157845
620,10/26/2020,TEMP,11.989695,0.229271887
621,10/26/2020,GAS,24.435527,0.211155667
622,10/29/2020,HUM,28.012722,2.892678548
623,10/29/2020,TEMP,12.017184,-0.304996578
624,10/29/2020,GAS,24.487124,1.031926003
625,10/30/2020,HUM,28.82304,3.486089601
626,10/30/2020,TEMP,11.980532,2.026771432
627,10/30/2020,GAS,24.739813,1.577542239
628,10/31/2020,HUM,29.827837,0.679164232
629,10/31/2020,TEMP,12.22335,-3.185910573
630,10/31/2020,GAS,25.130094,-1.321395774
631,11/1/2020,HUM,30.030417,0
632,11/1/2020,TEMP,11.833925,-1.161432069
633,11/1/2020,GAS,24.798026,0.229405357
634,11/2/2020,HUM,30.030417,-0.890453836
635,11/2/2020,TEMP,11.696482,-2.232679878
636,11/2/2020,GAS,24.854914,-0.899560546
637,11/5/2020,HUM,29.76301,-0.871222366
638,11/5/2020,TEMP,11.435337,-0.04005129
639,11/5/2020,GAS,24.631329,3.013211346
640,11/6/2020,HUM,29.503708,-2.444380889
641,11/6/2020,TEMP,11.430757,-3.366741153
642,11/6/2020,GAS,25.373523,-2.862499622
643,11/7/2020,HUM,28.782525,-2.195943546
644,11/7/2020,TEMP,11.045913,-2.944835796
645,11/7/2020,GAS,24.647206,-5.813210633
646,11/8/2020,HUM,28.150477,-2.907314857
647,11/8/2020,TEMP,10.720629,-3.547012027
648,11/8/2020,GAS,23.214412,-5.755963149
649,11/9/2020,HUM,27.332054,-1.037649787
650,11/9/2020,TEMP,10.340367,2.525480962
651,11/9/2020,GAS,21.878199,-7.02062816
652,11/12/2020,HUM,27.048443,3.576786287
653,11/12/2020,TEMP,10.601511,3.673287704
654,11/12/2020,GAS,20.342212,10.53590927
655,11/13/2020,HUM,28.015908,-1.538011904
656,11/13/2020,TEMP,10.990935,1.083793144
657,11/13/2020,GAS,22.485449,-2.265247183
658,11/14/2020,HUM,27.58502,-0.501036432
659,11/14/2020,TEMP,11.110054,-0.618556849
660,11/14/2020,GAS,21.976098,-1.089638388
661,11/15/2020,HUM,27.446809,0.977494324
662,11/15/2020,TEMP,11.041332,-3.858927528
663,11/15/2020,GAS,21.736638,1.272068845
664,11/16/2020,HUM,27.7151,-0.381348074
665,11/16/2020,TEMP,10.615255,-1.294768708
666,11/16/2020,GAS,22.013143,-1.466437573
667,11/19/2020,HUM,27.609409,1.825685584
668,11/19/2020,TEMP,10.477812,1.005677521
669,11/19/2020,GAS,21.690334,2.988718385
670,11/20/2020,HUM,28.11347,-1.012151826
671,11/20/2020,TEMP,10.583185,-1.255416021
672,11/20/2020,GAS,22.338597,-0.230976905
673,11/21/2020,HUM,27.828919,-0.350566977
674,11/21/2020,TEMP,10.450322,1.139859614
675,11/21/2020,GAS,22.287,1.828330417
676,11/23/2020,HUM,27.73136,-3.342126026
677,11/23/2020,TEMP,10.569441,-3.857829378
678,11/23/2020,GAS,22.69448,0.58295233
679,11/26/2020,HUM,26.804543,0.272976115
680,11/26/2020,TEMP,10.16169,1.938693269
681,11/26/2020,GAS,22.826778,1.315634646
682,11/27/2020,HUM,26.877713,1.935871553
683,11/27/2020,TEMP,10.358694,1.547975063
684,11/27/2020,GAS,23.127095,3.094789899
685,11/28/2020,HUM,27.398031,-0.326410318
686,11/28/2020,TEMP,10.519044,0.348444212
687,11/28/2020,GAS,23.84283,2.258351882
688,11/29/2020,HUM,27.308601,0.029763517
689,11/29/2020,TEMP,10.555697,1.519084907
690,11/29/2020,GAS,24.381285,-1.123226278
691,11/30/2020,HUM,27.316729,-2.023807462
692,11/30/2020,TEMP,10.716047,-2.479692372
693,11/30/2020,GAS,24.107428,-1.843929597
694,12/3/2020,HUM,26.763891,-0.455643763
695,12/3/2020,TEMP,10.450322,-2.060491533
696,12/3/2020,GAS,23.662904,0.531143599
697,12/4/2020,HUM,26.641943,4.211171835
698,12/4/2020,TEMP,10.234994,1.387641263
699,12/4/2020,GAS,23.788588,3.164450114
700,12/5/2020,HUM,27.763881,1.17129518
701,12/5/2020,TEMP,10.377019,0.883008887
702,12/5/2020,GAS,24.541366,2.398921071
703,12/6/2020,HUM,28.089078,-0.057887268
704,12/6/2020,TEMP,10.468649,-1.006567323
705,12/6/2020,GAS,25.130094,2.290078979
706,12/7/2020,HUM,28.072818,0.666085606
707,12/7/2020,TEMP,10.363275,0.486294149
708,12/7/2020,GAS,25.705593,-0.046320659
709,12/10/2020,HUM,28.259807,-1.898735543
710,12/10/2020,TEMP,10.413671,-3.651565332
711,12/10/2020,GAS,25.693686,-2.919518827
712,12/11/2020,HUM,27.723228,1.08505402
713,12/11/2020,TEMP,10.033409,-0.091324893
714,12/11/2020,GAS,24.943554,1.230506286
715,12/12/2020,HUM,28.02404,2.175803346
716,12/12/2020,TEMP,10.024246,-1.736739102
717,12/12/2020,GAS,25.250486,0.508223881
718,12/13/2020,HUM,28.633788,0.255537269
719,12/13/2020,TEMP,9.850151,-1.162794357
720,12/13/2020,GAS,25.378815,-0.750661526
721,12/14/2020,HUM,28.706958,-2.605497246
722,12/14/2020,TEMP,9.735614,-5.176468582
723,12/14/2020,GAS,25.188306,-3.14617426
724,12/17/2020,HUM,27.958999,1.017743876
725,12/17/2020,TEMP,9.231653,2.233251185
726,12/17/2020,GAS,24.395838,-0.770069878
727,12/18/2020,HUM,28.24355,0.143923126
728,12/18/2020,TEMP,9.437819,-2.766984618
729,12/18/2020,GAS,24.207973,0.076516113
730,12/19/2020,HUM,28.284199,2.098302307
731,12/19/2020,TEMP,9.176676,2.496252456
732,12/19/2020,GAS,24.226496,2.233505002
733,12/20/2020,HUM,28.877687,1.520274113
734,12/20/2020,TEMP,9.405749,2.581580691
735,12/20/2020,GAS,24.767596,3.578873783
736,12/21/2020,HUM,29.316707,1.442041222
737,12/21/2020,TEMP,9.648566,0.759729477
738,12/21/2020,GAS,25.653997,2.521782473
739,12/24/2020,HUM,29.739466,0.08200887
740,12/24/2020,TEMP,9.721869,-1.885007914
741,12/24/2020,GAS,26.300935,0.075457393
742,12/26/2020,HUM,29.763855,-1.748153927
743,12/26/2020,TEMP,9.538611,-1.729109196
744,12/26/2020,GAS,26.320781,-0.191001171
745,12/27/2020,HUM,29.243537,0.41700838
746,12/27/2020,TEMP,9.373678,-1.61289944
747,12/27/2020,GAS,26.270508,0.634529032
748,12/28/2020,HUM,29.365485,-1.439649303
749,12/28/2020,TEMP,9.22249,1.689012403
750,12/28/2020,GAS,26.437202,-0.875743205
751,12/31/2020,HUM,28.942725,-1.067408131
752,12/31/2020,TEMP,9.378259,-5.666830059
753,12/31/2020,GAS,26.20568,-1.635698826
